<?xml version="1.0" encoding="utf-8"?>
<odoo>
    <data noupdate="1">
    
        <!-- Payment Provider -->
        <record id="payment_provider_wechatpay" model="payment.provider">
            <field name="name">WeChat Pay</field>
            <field name="code">wechatpay</field>
            <field name="company_id" ref="base.main_company"/>
            <field name="state">enabled</field>
            <field name="mode">test</field>
            <field name="active" eval="True"/>
            <field name="image_128" type="base64" file="pethome_payment_wechatpay/static/description/icon.png"/>
            <field name="redirect_form_view_id" ref="pethome_payment_wechatpay.payment_wechatpay_redirect_form"/>
            <field name="payment_method_ids" eval="[(4, ref('payment_method_wechatpay'))]"/>
        </record>
        
        <!-- Payment Method -->
        <record id="payment_method_wechatpay" model="payment.method">
            <field name="name">微信支付</field>
            <field name="code">wechatpay</field>
            <field name="sequence">10</field>
            <field name="active" eval="True"/>
            <field name="payment_flow">redirect</field>
            <field name="image_payment_form" type="base64" file="pethome_payment_wechatpay/static/src/img/wechatpay.png"/>
        </record>
        
        <function model="payment.provider" name="_activate_payment_methods"/>
        
    </data>
</odoo>