<?xml version="1.0" encoding="utf-8"?>
<odoo>
    <data noupdate="1">
    
        <!-- Payment Method -->
        <record id="payment_method_wechatpay" model="payment.method">
            <field name="name">微信支付</field>
            <field name="code">wechatpay</field>
            <field name="active">True</field>
            <field name="image_payment_form" type="base64" file="pethome_payment_wechatpay/static/src/img/wechatpay.png"/>
        </record>
        
        <!-- Payment Provider -->
        <record id="payment_provider_wechatpay" model="payment.provider">
            <field name="name">WeChat Pay</field>
            <field name="image_128" type="base64" file="pethome_payment_wechatpay/static/description/icon.png"/>
            <field name="code">wechatpay</field>
            <field name="company_id" ref="base.main_company"/>
            <field name="payment_method_ids" eval="[(4, ref('payment_method_wechatpay'))]"/>
        </record>
        
    </data>
</odoo> 