<?xml version="1.0" encoding="utf-8"?>
<odoo>
    <data noupdate="1">
    
        <!-- Payment Method -->
        <record id="payment_method_wechatpay" model="payment.method">
            <field name="name">微信支付</field>
            <field name="code">wechatpay</field>
            <field name="active">True</field>
            <field name="image_payment_form" type="base64" file="pethome_payment_wechatpay/static/src/img/wechatpay.png"/>
        </record>
        
        <!-- Payment Provider -->
        <record id="payment_provider_wechatpay" model="payment.provider">
            <field name="name">微信支付</field>
            <field name="code">wechatpay</field>
            <field name="company_id" ref="base.main_company"/>
            <field name="state">disabled</field>
            <field name="payment_method_ids" eval="[(4, ref('payment_method_wechatpay'))]"/>
            <field name="description" type="html">
                <p>
                    微信支付是中国领先的移动支付解决方案。
                </p>
                <ul class="list-inline">
                    <li class="list-inline-item"><i class="fa fa-check"/>用户友好的扫码支付</li>
                    <li class="list-inline-item"><i class="fa fa-check"/>安全可靠的支付体验</li>
                    <li class="list-inline-item"><i class="fa fa-check"/>高效便捷的接入方式</li>
                </ul>
            </field>
        </record>
        
    </data>
</odoo> 