<?xml version="1.0" encoding="utf-8"?>
<odoo>
    <data noupdate="0">
        <record model="payment.method" id="payment_method_alipay">
            <field name="name">Alipay</field>
            <field name="code">alipay</field>
            <field name="sequence">1000</field>
            <field name="active">true</field>
            <field name="image" type="base64" file="pethome_payment_alipay/static/src/image/alipay.png"/>
            <field name="support_tokenization">False</field>
            <field name="support_express_checkout">False</field>
            <field name="support_refund">partial</field>
        </record>
    </data>
</odoo>