<?xml version="1.0" encoding="utf-8"?>
<odoo>
    <data noupdate="0">
        <record id="payment_provider_alipay" model="payment.provider">
            <field name="name">Alipay</field>
            <field name="code">alipay</field>
            <field name="company_id" ref="base.main_company"/>
            <field name="image_128" type="base64" file="pethome_payment_alipay/static/src/image/alipay.png"/>
            <field name="redirect_form_view_id" ref="pethome_payment_alipay.redirect_form"/>
            <field name="payment_method_ids" eval="[(4, ref('pethome_payment_alipay.payment_method_alipay'))]"/>
            <field name="state">enabled</field>
        </record>
        
        <function model="payment.provider" name="_activate_payment_methods"/>
    </data>
</odoo> 