<?xml version="1.0" encoding="utf-8"?>
<odoo>
    <record id="pos_note_wait" model="pos.note">
        <field name="name">Wait</field>
        <field name="sequence">1</field>
    </record>
    <record id="pos_note_serve" model="pos.note">
        <field name="name">To Serve</field>
        <field name="sequence">2</field>
    </record>
    <record id="pos_note_emergency" model="pos.note">
        <field name="name">Emergency</field>
        <field name="sequence">3</field>
    </record>
    <record id="pos_note_no_dressing" model="pos.note">
        <field name="name">No Dressing</field>
        <field name="sequence">4</field>
    </record>
</odoo>
