<?xml version="1.0" encoding="UTF-8"?>
<templates id="template" xml:space="preserve">
    <!-- Extend PaymentScreen to add Alipay Button -->
    <!-- The standard PaymentScreen already lists payment methods. -->
    <!-- We don't need a separate button, but we might need to ensure -->
    <!-- Alipay methods are displayed correctly if styling is needed. -->
    <!-- Let's remove the explicit button addition for now. -->
    <!-- <t t-inherit="point_of_sale.PaymentScreen" t-inherit-mode="extension" owl="1"> -->
    <!--     <xpath expr="//div[hasclass('payment-buttons')]" position="inside"> -->
    <!--         <t t-if="env.pos.payment_methods.some(pm => pm.use_payment_terminal === 'alipay')"> -->
                 <!-- Assuming PaymentMethodButton component handles rendering based on payment_method data -->
    <!--             <PaymentMethodButton payment_method="..." /> -->
    <!--         </t> -->
    <!--     </xpath> -->
    <!-- </t> -->

    <!-- Add Alipay-specific UI to payment lines -->
    <t t-inherit="point_of_sale.PaymentScreenPaymentLine" t-inherit-mode="extension" owl="1">
        <xpath expr="//div[hasclass('payment-name')]" position="inside">
            <t t-if="props.line.payment_method.use_payment_terminal === 'alipay'">
                <t t-if="props.line.alipay_trade_no">
                    <span class="alipay-details"> - 交易号: <t t-esc="props.line.alipay_trade_no.substr(-8)" /></span>
                </t>
                <t t-elif="props.line.get_payment_status() === 'waiting' || props.line.get_payment_status() === 'retry'">
                     <span class="alipay-status"> (等待扫码...)</span>
                </t>
            </t>
        </xpath>
    </t>

    <!-- Add Alipay info to receipt -->
    <t t-inherit="point_of_sale.OrderReceipt" t-inherit-mode="extension" owl="1">
        <xpath expr="//div[hasclass('paymentlines')]//t[@t-foreach='paymentlines']//t[@t-esc='line.name']" position="after">
             <t t-if="line.alipay_trade_no">
                 <div class="pos-receipt-alipay-info">
                     支付宝交易号: <t t-esc="line.alipay_trade_no" />
                 </div>
             </t>
        </xpath>
    </t>
</templates> 