<?xml version="1.0" encoding="UTF-8"?>
<templates id="template" xml:space="preserve">

    <!-- 易联云打印机按钮模板 -->
    <t t-name="YLCloudPrintButton" owl="1">
        <div class="control-button ylcloud-print-button" 
             t-on-click="onClick" 
             t-att-class="{ highlight: isYLCloudConfigured }">
            <i class="fa fa-print"></i>
            <span>易联云打印测试</span>
        </div>
    </t>

    <!-- 小票打印按钮 -->
    <t t-name="YLCloudReceiptPrintButton" owl="1">
        <div class="control-button ylcloud-print-receipt" 
             t-on-click="onClick" 
             t-att-class="{ highlight: isYLCloudConfigured }">
            <i class="fa fa-file-text-o"></i>
            <span>重打最新小票</span>
        </div>
    </t>
    
    <!-- 打印机状态指示器 -->
    <t t-name="YLCloudPrinterStatusDisplay" owl="1">
        <div class="printer-status-display">
            <div class="printer-status" t-att-class="{
                'printer-status-connected': status === 'connected',
                'printer-status-disconnected': status === 'disconnected',
                'printer-status-error': status === 'error',
                'printer-status-unknown': status === 'unknown' || !status
            }">
                <i t-if="status === 'connected'" class="fa fa-check-circle"></i>
                <i t-elif="status === 'disconnected'" class="fa fa-times-circle"></i>
                <i t-elif="status === 'error'" class="fa fa-exclamation-triangle"></i>
                <i t-else="" class="fa fa-question-circle"></i>
                <span t-if="status === 'connected'">打印机已连接</span>
                <span t-elif="status === 'disconnected'">打印机未连接</span>
                <span t-elif="status === 'error'">打印机错误</span>
                <span t-else="">打印机状态未知</span>
            </div>
            <div t-if="name" class="printer-name">
                <span t-esc="name"></span>
            </div>
        </div>
    </t>

</templates> 