<?xml version="1.0" encoding="UTF-8"?>
<templates id="template" xml:space="preserve">
    
    <!-- 易联云打印按钮 - 付款屏幕 -->
    <t t-name="YLCloudPrintButton" owl="1">
        <div class="button ylcloud-print-button"
             t-att-class="{ 'highlight': props.isHighlighted, 'disabled': !props.isYLCloudConfigured }"
             t-on-click="onClick">
            <i class="fa fa-print"></i>
            <span> 云打印订单 </span>
        </div>
    </t>
    
    <!-- 易联云打印按钮 - 收据屏幕 -->
    <t t-name="YLCloudReceiptPrintButton" owl="1">
        <div class="button ylcloud-print-button"
             t-att-class="{ 'highlight': props.isHighlighted, 'disabled': !props.isYLCloudConfigured }"
             t-on-click="onClick">
            <i class="fa fa-print"></i>
            <span> 云打印收据 </span>
        </div>
    </t>
    
    <!-- 扩展付款屏幕，添加云打印按钮 -->
    <t t-inherit="point_of_sale.PaymentScreen" t-inherit-mode="extension">
        <xpath expr="//div[hasclass('payment-controls')]" position="inside">
            <YLCloudPrintButton />
        </xpath>
    </t>
    
    <!-- 扩展收据屏幕，添加云打印按钮 -->
    <t t-inherit="point_of_sale.ReceiptScreen" t-inherit-mode="extension">
        <xpath expr="//div[hasclass('buttons')]" position="inside">
            <YLCloudReceiptPrintButton />
        </xpath>
    </t>
    
</templates> 