<?xml version="1.0" encoding="UTF-8"?>
<templates id="template" xml:space="preserve">
    
    <!-- 易联云打印按钮 - 付款屏幕 -->
    <t t-name="YLCloudOrderPrintButton" owl="1">
        <div class="button ylcloud-print-button"
             t-att-class="{ 'highlight': props.isHighlighted, 'disabled': !props.isYLCloudConfigured }"
             t-on-click="onClick">
            <i class="fa fa-print"></i>
            <span> 云打印订单 </span>
        </div>
    </t>
    
    <!-- 易联云打印按钮 - 收据屏幕 -->
    <t t-name="YLCloudReceiptPrintButton" owl="1">
        <div class="button ylcloud-print-button"
             t-att-class="{ 'highlight': props.isHighlighted, 'disabled': !props.isYLCloudConfigured }"
             t-on-click="onClick">
            <i class="fa fa-print"></i>
            <span> 云打印收据 </span>
        </div>
    </t>
    
    <!-- 打印机状态指示器 -->
    <t t-name="YLCloudPrinterStatus" owl="1">
        <div class="ylcloud-printer-status"
             t-att-class="{
                'connected': props.status === 'connected',
                'disconnected': props.status === 'disconnected',
                'error': props.status === 'error',
                'unknown': !props.status || props.status === 'unknown'
             }">
            <i t-if="props.status === 'connected'" class="fa fa-check-circle"></i>
            <i t-elif="props.status === 'disconnected'" class="fa fa-times-circle"></i>
            <i t-elif="props.status === 'error'" class="fa fa-exclamation-triangle"></i>
            <i t-else="" class="fa fa-question-circle"></i>
            
            <span class="status-text">
                <t t-if="props.status === 'connected'">打印机已连接</t>
                <t t-elif="props.status === 'disconnected'">打印机未连接</t>
                <t t-elif="props.status === 'error'">打印机错误</t>
                <t t-else="">状态未知</t>
            </span>
        </div>
    </t>
    
    <!-- 扩展付款屏幕，添加云打印按钮 -->
    <t t-inherit="point_of_sale.PaymentScreen" t-inherit-mode="extension">
        <xpath expr="//div[hasclass('payment-controls')]" position="inside">
            <YLCloudOrderPrintButton />
        </xpath>
    </t>
    
    <!-- 扩展收据屏幕，添加云打印按钮 -->
    <t t-inherit="point_of_sale.ReceiptScreen" t-inherit-mode="extension">
        <xpath expr="//div[hasclass('buttons')]" position="inside">
            <YLCloudReceiptPrintButton />
        </xpath>
    </t>
    
    <!-- 在状态栏显示打印机状态 -->
    <t t-inherit="point_of_sale.Chrome" t-inherit-mode="extension">
        <xpath expr="//div[hasclass('pos-topheader')]" position="inside">
            <YLCloudPrinterStatus status="env.services.printer ? env.services.printer.printerConnectionStatus : 'unknown'" />
        </xpath>
    </t>
    
</templates> 