<?xml version="1.0" encoding="utf-8"?>
<odoo>
    <data noupdate="1">

        <!-- Resource: pos.category -->
        <record id="pos_category_miscellaneous" model="pos.category">
          <field name="name">Misc</field>
          <field name="image_128" type="base64" file="point_of_sale/static/img/misc_category.png" />
          <field name="sequence">1</field>
        </record>
        <record id="pos_category_desks" model="pos.category">
          <field name="name">Desks</field>
          <field name="image_128" type="base64" file="point_of_sale/static/img/desk_category.png" />
          <field name="sequence">2</field>
        </record>
        <record id="pos_category_chairs" model="pos.category">
          <field name="name">Chairs</field>
          <field name="image_128" type="base64" file="point_of_sale/static/img/chair_category.png" />
          <field name="sequence">3</field>
        </record>

        <!-- Products -->

        <!-- Old -->

        <record id="wall_shelf" model="product.product">
            <field name="available_in_pos">True</field>
            <field name="list_price">1.98</field>
            <field name="name">Wall Shelf Unit</field>
            <field name="default_code">FURN_0009</field>
            <field name="is_storable" eval="True"/>
            <field name="weight">0.01</field>
            <field name="barcode">2100002000003</field>
            <field name="taxes_id" eval="[(5,)]" />
            <field name="categ_id" ref="product.product_category_5" />
            <field name="pos_categ_ids" eval="[(6, 0, [ref('pos_category_miscellaneous')])]" />
            <field name="uom_id" ref="uom.product_uom_unit" />
            <field name="uom_po_id" ref="uom.product_uom_unit" />
            <field name="image_1920" type="base64" file="point_of_sale/static/img/wall_shelf_unit.png" />
        </record>
        <record id="small_shelf" model="product.product">
            <field name="available_in_pos">True</field>
            <field name="list_price">2.83</field>
            <field name="name">Small Shelf</field>
            <field name="default_code">FURN_0008</field>
            <field name="is_storable" eval="True"/>
            <field name="weight">0.01</field>
            <field name="taxes_id" eval="[(5,)]" />
            <field name="categ_id" ref="product.product_category_5" />
            <field name="pos_categ_ids" eval="[(6, 0, [ref('pos_category_miscellaneous')])]" />
            <field name="uom_id" ref="uom.product_uom_unit" />
            <field name="uom_po_id" ref="uom.product_uom_unit" />
            <field name="image_1920" type="base64" file="point_of_sale/static/img/small_shelf.png" />
        </record>

        <record id="letter_tray" model="product.product">
            <field name="available_in_pos">True</field>
            <field name="list_price">4.80</field>
            <field name="name">Letter Tray</field>
            <field name="default_code">FURN_0004</field>
            <field name="is_storable" eval="True"/>
            <field name="weight">0.01</field>
            <field name="categ_id" ref="product.product_category_5" />
            <field name="pos_categ_ids" eval="[(6, 0, [ref('pos_category_miscellaneous')])]" />
            <field name="uom_id" ref="uom.product_uom_unit" />
            <field name="uom_po_id" ref="uom.product_uom_unit" />
            <field name="image_1920" type="base64" file="point_of_sale/static/img/letter_tray.png" />
        </record>

        <record id="magnetic_board" model="product.product">
            <field name="available_in_pos">True</field>
            <field name="list_price">1.98</field>
            <field name="name">Magnetic Board</field>
            <field name="default_code">FURN_0005</field>
            <field name="is_storable" eval="True"/>
            <field name="weight">0.01</field>
            <field name="barcode">2301000000006</field>
            <field name="categ_id" ref="product.product_category_5" />
            <field name="pos_categ_ids" eval="[(6, 0, [ref('pos_category_miscellaneous')])]" />
            <field name="uom_id" ref="uom.product_uom_unit" />
            <field name="uom_po_id" ref="uom.product_uom_unit" />
            <field name="image_1920" type="base64" file="point_of_sale/static/img/magnetic_board.png" />
        </record>

        <record id="whiteboard" model="product.product">
            <field name="available_in_pos">True</field>
            <field name="list_price">1.70</field>
            <field name="name">Whiteboard</field>
            <field name="is_storable" eval="True"/>
            <field name="weight">0.01</field>
            <field name="categ_id" ref="product.product_category_5" />
            <field name="uom_id" ref="uom.product_uom_unit" />
            <field name="uom_po_id" ref="uom.product_uom_unit" />
            <field name="image_1920" type="base64" file="point_of_sale/static/img/whiteboard.png" />
        </record>

        <record id="led_lamp" model="product.product">
            <field name="available_in_pos">True</field>
            <field name="list_price">0.90</field>
            <field name="name">LED Lamp</field>
            <field name="default_code">FURN_0003</field>
            <field name="is_storable" eval="True"/>
            <field name="weight">0.01</field>
            <field name="categ_id" ref="product.product_category_5" />
            <field name="pos_categ_ids" eval="[(6, 0, [ref('pos_category_miscellaneous')])]" />
            <field name="uom_id" ref="uom.product_uom_unit" />
            <field name="uom_po_id" ref="uom.product_uom_unit" />
            <field name="image_1920" type="base64" file="point_of_sale/static/img/led_lamp.png" />
        </record>

        <record id="newspaper_rack" model="product.product">
            <field name="available_in_pos">True</field>
            <field name="list_price">1.28</field>
            <field name="name">Newspaper Rack</field>
            <field name="default_code">FURN_0007</field>
            <field name="is_storable" eval="True"/>
            <field name="weight">0.01</field>
            <field name="barcode">2100001000004</field>
            <field name="categ_id" ref="product.product_category_5" />
            <field name="pos_categ_ids" eval="[(6, 0, [ref('pos_category_miscellaneous')])]" />
            <field name="uom_id" ref="uom.product_uom_unit" />
            <field name="uom_po_id" ref="uom.product_uom_unit" />
            <field name="image_1920" type="base64" file="point_of_sale/static/img/newspaper_stand.png" />
        </record>

        <record id="whiteboard_pen" model="product.product">
            <field name="available_in_pos">True</field>
            <field name="list_price">1.20</field>
            <field name="name">Whiteboard Pen</field>
            <field name="weight">0.01</field>
            <field name="default_code">CONS_0001</field>
            <field name="categ_id" ref="product.product_category_consumable" />
            <field name="pos_categ_ids" eval="[(6, 0, [ref('pos_category_miscellaneous')])]" />
            <field name="uom_id" ref="uom.product_uom_unit" />
            <field name="uom_po_id" ref="uom.product_uom_unit" />
            <field name="image_1920" type="base64" file="point_of_sale/static/img/whiteboard_pen.png" />
        </record>

        <record id="product.product_product_1" model="product.product">
            <field name="available_in_pos" eval="True" />
            <field name="pos_categ_ids" eval="[(6, 0, [ref('pos_category_miscellaneous')])]" />
        </record>
        <record id="product.product_product_2" model="product.product">
            <field name="available_in_pos" eval="True" />
            <field name="pos_categ_ids" eval="[(6, 0, [ref('pos_category_miscellaneous')])]" />
        </record>
        <record id="product.product_delivery_01" model="product.product">
            <field name="available_in_pos" eval="True" />
            <field name="pos_categ_ids" eval="[(6, 0, [ref('pos_category_chairs')])]" />
        </record>
        <record id="product.product_delivery_02" model="product.product">
            <field name="available_in_pos" eval="True" />
            <field name="pos_categ_ids" eval="[(6, 0, [ref('pos_category_miscellaneous')])]" />
        </record>
        <record id="product.product_order_01" model="product.product">
            <field name="available_in_pos" eval="True" />
            <field name="pos_categ_ids" eval="[(6, 0, [ref('pos_category_miscellaneous')])]" />
        </record>
        <record id="product.product_product_3" model="product.product">
            <field name="available_in_pos" eval="True" />
            <field name="pos_categ_ids" eval="[(6, 0, [ref('pos_category_desks')])]" />
        </record>
        <record id="product.product_product_4_product_template" model="product.template">
            <field name="available_in_pos" eval="True" />
            <field name="pos_categ_ids" eval="[(6, 0, [ref('pos_category_desks')])]" />
        </record>
        <record id="product.product_product_5" model="product.product">
            <field name="available_in_pos" eval="True" />
            <field name="pos_categ_ids" eval="[(6, 0, [ref('pos_category_desks')])]" />
        </record>
        <record id="product.product_product_6" model="product.product">
            <field name="available_in_pos" eval="True" />
            <field name="pos_categ_ids" eval="[(6, 0, [ref('pos_category_miscellaneous')])]" />
        </record>
        <record id="product.product_product_7" model="product.product">
            <field name="available_in_pos" eval="True" />
            <field name="pos_categ_ids" eval="[(6, 0, [ref('pos_category_miscellaneous')])]" />
        </record>
        <record id="product.product_product_8" model="product.product">
            <field name="available_in_pos" eval="True" />
            <field name="pos_categ_ids" eval="[(6, 0, [ref('pos_category_desks')])]" />
        </record>
        <record id="product.product_product_9" model="product.product">
            <field name="available_in_pos" eval="True" />
            <field name="pos_categ_ids" eval="[(6, 0, [ref('pos_category_miscellaneous')])]" />
        </record>
        <record id="product.product_product_10" model="product.product">
            <field name="available_in_pos" eval="True" />
            <field name="pos_categ_ids" eval="[(6, 0, [ref('pos_category_miscellaneous')])]" />
        </record>
        <record id="product.product_product_11" model="product.product">
            <field name="available_in_pos" eval="True" />
            <field name="pos_categ_ids" eval="[(6, 0, [ref('pos_category_chairs')])]" />
        </record>
        <record id="product.product_product_11b" model="product.product">
            <field name="available_in_pos" eval="True" />
            <field name="pos_categ_ids" eval="[(6, 0, [ref('pos_category_chairs')])]" />
        </record>
        <record id="product.product_product_12" model="product.product">
            <field name="available_in_pos" eval="True" />
            <field name="pos_categ_ids" eval="[(6, 0, [ref('pos_category_chairs')])]" />
        </record>
        <record id="product.product_product_13" model="product.product">
            <field name="available_in_pos" eval="True" />
            <field name="pos_categ_ids" eval="[(6, 0, [ref('pos_category_desks')])]" />
        </record>
        <record id="product.product_product_16" model="product.product">
            <field name="available_in_pos" eval="True" />
            <field name="pos_categ_ids" eval="[(6, 0, [ref('pos_category_miscellaneous')])]" />
        </record>
        <record id="product.product_product_20" model="product.product">
            <field name="available_in_pos" eval="True" />
            <field name="pos_categ_ids" eval="[(6, 0, [ref('pos_category_miscellaneous')])]" />
        </record>
        <record id="product.product_product_22" model="product.product">
            <field name="available_in_pos" eval="True" />
            <field name="pos_categ_ids" eval="[(6, 0, [ref('pos_category_miscellaneous')])]" />
        </record>
        <record id="product.product_product_24" model="product.product">
            <field name="available_in_pos" eval="True" />
            <field name="pos_categ_ids" eval="[(6, 0, [ref('pos_category_miscellaneous')])]" />
        </record>
        <record id="product.product_product_25" model="product.product">
            <field name="available_in_pos" eval="True" />
            <field name="pos_categ_ids" eval="[(6, 0, [ref('pos_category_miscellaneous')])]" />
        </record>
        <record id="product.product_product_27" model="product.product">
            <field name="available_in_pos" eval="True" />
            <field name="pos_categ_ids" eval="[(6, 0, [ref('pos_category_miscellaneous')])]" />
        </record>
        <record id="product.consu_delivery_03" model="product.product">
            <field name="available_in_pos" eval="True" />
            <field name="pos_categ_ids" eval="[(6, 0, [ref('pos_category_desks')])]" />
        </record>
        <record id="product.consu_delivery_02" model="product.product">
            <field name="available_in_pos" eval="True" />
            <field name="pos_categ_ids" eval="[(6, 0, [ref('pos_category_miscellaneous')])]" />
        </record>
        <record id="product.consu_delivery_01" model="product.product">
            <field name="available_in_pos" eval="True" />
            <field name="pos_categ_ids" eval="[(6, 0, [ref('pos_category_miscellaneous')])]" />
        </record>
        <record id="product.desk_organizer" model="product.product">
            <field name="available_in_pos" eval="True"/>
            <field name="pos_categ_ids" eval="[(6, 0, [ref('pos_category_miscellaneous')])]"/>
        </record>
        <record id="product.desk_pad" model="product.product">
            <field name="available_in_pos" eval="True"/>
            <field name="pos_categ_ids" eval="[(6, 0, [ref('pos_category_miscellaneous')])]"/>
        </record>
        <record id="product.monitor_stand" model="product.product">
            <field name="available_in_pos" eval="True"/>
            <field name="pos_categ_ids" eval="[(6, 0, [ref('pos_category_miscellaneous')])]"/>
        </record>
        <record id="product.office_combo" model="product.product">
            <field name="available_in_pos" eval="True"/>
            <field
                name="pos_categ_ids"
                eval="[(6, 0, [ref('pos_category_miscellaneous'), ref('pos_category_desks')])]"
            />
            <field name="taxes_id" eval="[(5,)]"/>
            <field name="supplier_taxes_id" eval="[(5,)]"/>
        </record>

    </data>
</odoo>
