<?xml version="1.0" encoding="utf-8"?>
<odoo>
    <data noupdate="1">
        <!-- 微信支付权限组 -->
        <record id="group_wechatpay_manager" model="res.groups">
            <field name="name">WeChat Pay Manager</field>
            <field name="category_id" ref="base.module_category_accounting_accounting"/>
            <field name="implied_ids" eval="[(4, ref('account.group_account_invoice'))]"/>
            <field name="users" eval="[(4, ref('base.user_admin'))]"/>
        </record>
        <!-- 微信支付安全设置 -->
    </data>
</odoo> 