id,name,model_id:id,group_id:id,perm_read,perm_write,perm_create,perm_unlink
access_payment_provider_user,payment.provider.user,payment.model_payment_provider,base.group_user,1,0,0,0
access_payment_provider_system,payment.provider.system,payment.model_payment_provider,base.group_system,1,1,1,1
access_payment_transaction_user,payment.transaction.user,payment.model_payment_transaction,base.group_user,1,0,0,0
access_payment_transaction_system,payment.transaction.system,payment.model_payment_transaction,base.group_system,1,1,1,1
