<?xml version="1.0" encoding="utf-8"?>
<odoo>
    <data noupdate="1">
        <!-- 支付宝条码规则 -->
        <record id="barcode_rule_alipay" model="barcode.rule">
            <field name="name">支付宝付款码</field>
            <field name="type">alipay</field>
            <field name="barcode_nomenclature_id" ref="barcodes.default_barcode_nomenclature"/>
            <field name="sequence">85</field>
            <field name="pattern">^(25|26|27|28|29|30).*</field>
            <field name="encoding">any</field>
        </record>
    </data>
</odoo>
