<?xml version="1.0" encoding="UTF-8"?>
<templates id="template" xml:space="preserve">
    <t t-name="point_of_sale.DatePickerPopup">
        <Dialog title="props.title">
            <input class="form-control form-control-lg w-75 mx-auto" type="date" t-model="state.shippingDate" t-ref="input" t-att-min="_today()"/>
            <t t-set-slot="footer">
                <button class="btn btn-lg btn-primary" t-on-click="confirm" t-esc="props.confirmLabel" />
            </t>
        </Dialog>
    </t>
</templates>
